고객ID,2024관측일수,2025관측일수,2024시간값완전도,2025시간값완전도,2개년핵심표본
M0001,366,365,0.9992030965391621,0.9992009132420091,Y
M0002,310,344,0.9950268817204301,0.9957606589147286,N
M0003,366,365,1.0,1.0,Y
M0004,366,270,0.9993169398907104,0.9966049382716049,N
M0005,205,174,0.9908536585365854,0.9949712643678161,N
M0006,366,365,0.998747723132969,0.9981735159817352,Y
M0007,179,223,0.9953445065176909,0.9964499252615845,N
M0008,366,365,0.9981785063752276,0.9986301369863013,Y
M0009,366,365,0.9982923497267759,0.9969178082191781,Y
M0010,355,365,0.9931924882629108,0.9987442922374429,N
M0011,337,365,0.9904797230464887,0.9968036529680365,N
M0012,357,353,0.9803921568627451,0.9491265344664778,N
M0013,366,365,0.9989754098360656,0.9981735159817352,Y
M0014,330,365,0.9954545454545455,0.9986301369863013,N
M0015,366,336,0.9986338797814208,0.9959077380952381,N
M0016,338,365,0.9977810650887574,0.9985159817351598,N
M0017,366,365,0.9989754098360656,0.9986301369863013,Y
M0018,366,272,0.9992030965391621,0.9963235294117647,N
M0019,366,316,0.9992030965391621,0.9965717299578059,N
M0020,366,365,0.998747723132969,0.9984018264840183,Y
M0021,366,365,0.9985200364298725,0.9981735159817352,Y
M0022,366,365,0.9985200364298725,0.9984018264840183,Y
M0023,219,238,0.9969558599695586,0.9924719887955182,N
M0024,366,365,0.9985200364298725,0.9985159817351598,Y
M0025,349,365,0.9480659025787965,0.9984018264840183,N
M0026,366,365,0.9993169398907104,0.9994292237442922,Y
M0027,366,365,0.998747723132969,0.9984018264840183,Y
M0028,366,365,0.9994307832422586,0.998972602739726,Y
M0029,366,365,1.0,1.0,Y
M0030,366,365,0.9985200364298725,0.9981735159817352,Y
M0031,332,365,0.995105421686747,0.9984018264840183,N
M0032,146,365,0.9937214611872146,0.9964611872146119,N
M0033,346,365,0.9896435452793835,0.9982876712328768,N
M0034,366,365,0.9921448087431693,0.9979452054794521,N
M0035,366,365,0.9985200364298725,0.9984018264840183,Y
M0036,366,365,0.9985200364298725,0.9985159817351598,Y
M0037,341,365,0.9949902248289345,0.9984018264840183,N
M0038,366,365,0.9985200364298725,0.9982876712328768,Y
M0039,92,344,0.9918478260869565,0.9987887596899225,N
M0040,366,365,1.0,0.998972602739726,Y
M0041,338,345,0.9960552268244576,0.9952898550724638,N
M0042,301,365,0.9948781838316723,0.9982876712328768,N
M0043,331,365,0.995845921450151,0.9984018264840183,N
M0044,264,365,0.9941603535353535,0.9984018264840183,N
M0045,282,195,0.9967494089834515,0.9927350427350428,N
M0046,179,211,0.9960428305400373,0.9956556082148499,N
M0047,352,365,0.9950284090909091,0.9970319634703196,N
M0048,366,365,0.9990892531876139,0.9987442922374429,Y
M0049,366,365,0.9990892531876139,0.9986301369863013,Y
M0050,366,365,0.9985200364298725,0.9982876712328768,Y
M0051,329,365,0.9973404255319149,0.9969178082191781,N
M0052,325,365,0.9967948717948718,0.9969178082191781,N
M0053,366,365,0.9988615664845173,0.9981735159817352,Y
M0054,366,365,0.9988615664845173,0.9995433789954338,Y
M0055,366,365,0.9993169398907104,0.9987442922374429,Y
M0056,366,365,0.9989754098360656,0.9984018264840183,Y
M0057,366,364,0.9990892531876139,0.9958791208791209,N
M0058,366,365,0.9988615664845173,0.9964611872146119,Y
M0059,366,329,0.9989754098360656,0.9925278622087133,N
M0060,200,364,0.993125,0.9946199633699634,N
M0061,366,365,0.9990892531876139,0.9986301369863013,Y
M0062,366,364,0.994535519125683,0.985691391941392,N
M0063,366,365,0.998747723132969,0.9984018264840183,Y
M0064,366,365,0.9989754098360656,0.9984018264840183,Y
M0065,366,365,0.9974954462659381,0.9982876712328768,Y
M0066,366,353,0.9993169398907104,0.9958687440982058,N
M0067,366,365,0.9992030965391621,0.998972602739726,Y
M0068,366,365,0.9992030965391621,0.9994292237442922,Y
M0069,366,365,1.0,1.0,Y
M0070,366,361,0.9989754098360656,0.996191135734072,N
M0071,366,365,0.998747723132969,0.9986301369863013,Y
M0072,163,280,0.9936094069529653,0.9943452380952381,N
M0073,366,163,0.9992030965391621,0.9976993865030674,N
M0074,366,365,0.9986338797814208,0.9985159817351598,Y
M0075,366,365,0.9989754098360656,0.9987442922374429,Y
M0076,366,365,0.9985200364298725,0.9981735159817352,Y
M0077,366,338,0.9992030965391621,0.9976577909270217,N
M0078,366,365,0.9902094717668488,0.9955479452054794,N
M0079,366,365,0.9972677595628415,0.9932648401826484,N
M0080,176,165,0.9945549242424242,0.9914141414141414,N
M0081,162,104,0.996141975308642,0.9923878205128205,N
M0082,366,365,0.9988615664845173,0.9982876712328768,Y
M0083,366,365,0.9985200364298725,0.9980593607305936,Y
M0084,366,365,0.993283242258652,0.9972602739726028,N
M0085,366,353,0.9998861566484517,0.9970491029272899,N
M0086,366,365,0.9990892531876139,0.9984018264840183,Y
M0087,165,137,0.9946969696969697,0.9945255474452555,N
M0088,366,365,0.9978369763205829,0.9984018264840183,Y
M0089,169,365,0.9953155818540433,0.9985159817351598,N
M0090,366,365,0.9985200364298725,0.9987442922374429,Y
M0091,366,365,0.9985200364298725,0.9985159817351598,Y
M0092,366,365,0.9985200364298725,0.9980593607305936,Y
M0093,366,365,0.998747723132969,0.9939497716894977,N
M0094,366,354,0.9989754098360656,0.9942325800376648,N
M0095,366,365,0.9971539162112932,0.9982876712328768,Y
M0096,366,365,0.9985200364298725,0.9984018264840183,Y
M0097,366,365,0.9988615664845173,0.9986301369863013,Y
M0098,366,365,0.9988615664845173,0.9988584474885844,Y
M0099,366,365,0.9988615664845173,0.9984018264840183,Y
M0100,342,356,0.9911062378167641,0.9939138576779026,N
M0101,349,318,0.9905682903533907,0.9722222222222222,N
M0102,366,290,0.9992030965391621,0.9946839080459771,N
M0103,366,365,0.9992030965391621,0.9985159817351598,Y
M0104,366,365,0.9985200364298725,0.9984018264840183,Y
M0105,366,365,0.9985200364298725,0.9985159817351598,Y
M0106,315,354,0.9183862433862434,0.9565677966101694,N
M0107,366,310,0.9989754098360656,0.9974462365591398,N
M0108,366,359,0.9956739526411658,0.9032033426183844,N
M0109,366,365,0.998747723132969,0.9982876712328768,Y
M0110,366,365,0.9990892531876139,0.9987442922374429,Y
M0111,366,365,0.9988615664845173,0.9963470319634703,Y
M0112,320,353,0.9567708333333333,0.9228045325779037,N
M0113,366,365,0.9912340619307832,1.0,N
M0114,366,365,1.0,1.0,Y
M0115,366,365,0.998747723132969,0.9800228310502284,N
M0116,366,365,0.9992030965391621,0.9994292237442922,Y
M0117,366,365,0.9992030965391621,0.9994292237442922,Y
M0118,366,365,0.9976092896174863,0.9980593607305936,Y
M0119,366,365,0.9989754098360656,0.9981735159817352,Y
M0120,315,365,0.9964285714285714,0.9984018264840183,N
M0121,366,365,0.998747723132969,0.9984018264840183,Y
M0122,96,365,0.9796006944444444,0.9971461187214612,N
M0123,366,365,0.9988615664845173,0.9984018264840183,Y
M0124,91,365,0.9913003663003663,0.9970319634703196,N
M0125,366,365,0.9988615664845173,0.9986301369863013,Y
M0126,366,365,0.9981785063752276,0.9984018264840183,Y
M0127,366,365,0.9989754098360656,0.9984018264840183,Y
M0128,366,324,0.9990892531876139,0.9957561728395061,N
M0129,366,348,0.9993169398907104,0.9964080459770115,N
M0130,366,365,0.9979508196721312,0.9976027397260274,Y
M0131,366,365,0.9970400728597449,0.993607305936073,N
M0132,366,365,0.9985200364298725,0.9978310502283105,Y
M0133,366,365,0.9989754098360656,0.9995433789954338,Y
M0134,281,365,0.9954033214709371,0.9984018264840183,N
M0135,366,365,0.9988615664845173,0.9980593607305936,Y
M0136,366,365,0.9962431693989071,0.9970319634703196,Y
M0137,366,365,0.9992030965391621,0.9986301369863013,Y
M0138,366,365,0.9990892531876139,0.9984018264840183,Y
M0139,366,365,0.9989754098360656,0.9981735159817352,Y
M0140,335,365,0.9960199004975124,0.9982876712328768,N
M0141,328,365,0.9968241869918699,0.9994292237442922,N
M0142,366,242,0.9992030965391621,0.993801652892562,N
M0143,366,365,0.9985200364298725,0.9976027397260274,Y
M0144,366,350,0.9985200364298725,0.9955952380952381,N
M0145,141,365,0.9932033096926713,0.9971461187214612,N
M0146,366,365,0.998747723132969,0.9984018264840183,Y
M0147,366,365,0.9985200364298725,0.9984018264840183,Y
M0148,366,365,0.9986338797814208,0.9981735159817352,Y
M0149,366,365,0.9988615664845173,0.9986301369863013,Y
M0150,366,365,0.998747723132969,0.9984018264840183,Y
M0151,366,365,0.9985200364298725,0.9980593607305936,Y
M0152,140,365,0.9943452380952381,0.9961187214611872,N
M0153,366,365,0.9952185792349727,0.9981735159817352,Y
M0154,349,364,0.9921203438395415,0.9943910256410257,N
M0155,366,365,0.9986338797814208,0.9945205479452055,N
M0156,366,365,0.9993169398907104,0.998972602739726,Y
M0157,366,365,0.9988615664845173,0.9984018264840183,Y
M0158,348,365,0.9967672413793104,0.9986301369863013,N
M0159,327,365,0.9947757390417941,0.9964611872146119,N
M0160,293,365,0.9970136518771331,0.9988584474885844,N
M0161,366,365,0.998747723132969,0.9985159817351598,Y
M0162,366,365,0.9980646630236795,0.9954337899543378,Y
M0163,366,365,0.9985200364298725,0.9984018264840183,Y
M0164,366,365,0.994535519125683,0.9984018264840183,N
M0165,366,365,0.9985200364298725,0.9984018264840183,Y
M0166,366,357,0.998747723132969,0.9974323062558357,N
M0167,366,265,0.9992030965391621,0.97562893081761,N
M0168,91,365,0.9903846153846154,0.9968036529680365,N
M0169,366,365,0.998747723132969,0.9987442922374429,Y
M0170,366,365,0.9992030965391621,0.9994292237442922,Y
M0171,366,365,0.998747723132969,0.9984018264840183,Y
M0172,311,365,0.9943729903536977,0.996689497716895,N
M0173,366,283,0.998747723132969,0.9892520612485277,N
M0174,324,342,0.9611625514403292,0.9987816764132553,N
M0175,366,365,0.9992030965391621,0.9994292237442922,Y
M0176,292,365,0.995291095890411,0.9984018264840183,N
M0177,366,365,0.9985200364298725,0.9990867579908675,Y
M0178,366,365,0.9986338797814208,0.9986301369863013,Y
M0179,366,365,0.9992030965391621,0.9994292237442922,Y
M0180,366,365,0.9992030965391621,0.9993150684931507,Y
M0181,366,356,0.9985200364298725,0.9941479400749064,N
M0182,366,365,0.9985200364298725,0.9982876712328768,Y
M0183,366,365,1.0,1.0,Y
M0184,366,365,0.9931693989071039,0.9916666666666667,N
M0185,318,365,0.9944968553459119,0.9970319634703196,N
M0186,366,365,0.9982923497267759,0.9907534246575342,N
M0187,366,365,1.0,1.0,Y
M0188,366,365,0.9993169398907104,0.9981735159817352,Y
M0189,225,346,0.9959259259259259,0.9940992292870906,N
M0190,351,365,0.9970322886989553,0.9985159817351598,N
M0191,366,365,0.9990892531876139,0.9985159817351598,Y
M0192,366,330,0.998747723132969,0.9968434343434344,N
M0193,340,365,0.9911764705882353,0.9984018264840183,N
M0194,127,365,0.9954068241469817,0.9970319634703196,N
M0195,44,325,0.9886363636363636,0.9984615384615385,N
M0196,366,365,0.9985200364298725,0.9984018264840183,Y
M0197,96,365,0.98046875,0.9970319634703196,N
M0198,366,365,0.998747723132969,0.9981735159817352,Y
M0199,366,365,0.9986338797814208,0.9961187214611872,Y
M0200,366,365,0.9992030965391621,0.998972602739726,Y
M0201,144,67,0.9953703703703703,0.996268656716418,N
M0202,208,365,0.9973958333333334,0.9984018264840183,N
M0203,366,365,0.9985200364298725,0.9984018264840183,Y
M0204,200,365,0.9966666666666667,0.9985159817351598,N
M0205,201,365,0.9966832504145937,0.9984018264840183,N
M0206,366,336,0.9989754098360656,0.9973958333333334,N
M0207,297,365,0.9877946127946128,0.9960045662100456,N
M0208,366,365,0.9984061930783242,0.9985159817351598,Y
M0209,346,365,0.9953034682080925,0.9979452054794521,N
M0210,366,365,0.9970400728597449,0.9973744292237443,Y
M0211,366,365,0.9990892531876139,0.9986301369863013,Y
M0212,307,354,0.9941639522258415,0.995409604519774,N
M0213,366,365,0.9992030965391621,0.998972602739726,Y
M0214,156,247,0.9943910256410257,0.9961201079622132,N
M0215,366,312,0.9985200364298725,0.9963942307692307,N
M0216,168,365,0.9957837301587301,0.9968036529680365,N
M0217,133,246,0.9968671679197995,0.9962737127371274,N
M0218,56,365,0.9903273809523809,0.9970319634703196,N
M0219,366,365,0.9990892531876139,0.9981735159817352,Y
M0220,355,365,0.9964788732394366,0.9985159817351598,N
M0221,366,337,0.9992030965391621,0.9891196834817013,N
M0222,366,365,0.9989754098360656,0.9979452054794521,Y
M0223,366,365,0.998747723132969,0.9982876712328768,Y
M0224,366,365,0.9990892531876139,0.9986301369863013,Y
M0225,366,365,0.9977231329690346,0.9981735159817352,Y
M0226,366,365,0.9985200364298725,0.9980593607305936,Y
M0227,366,359,0.9976092896174863,0.9967502321262767,N
M0228,366,48,0.9989754098360656,0.9869791666666666,N
M0229,366,365,0.998747723132969,0.9984018264840183,Y
M0230,366,365,1.0,0.9971461187214612,Y
M0231,366,365,0.9994307832422586,0.9994292237442922,Y
M0232,366,365,0.9988615664845173,0.9986301369863013,Y
M0233,366,364,0.9990892531876139,0.9986263736263736,N
M0234,366,365,0.9993169398907104,0.9994292237442922,Y
M0235,366,202,0.998747723132969,0.995049504950495,N
M0236,366,365,0.9986338797814208,0.9982876712328768,Y
M0237,366,365,0.998747723132969,0.9994292237442922,Y
M0238,366,365,0.9988615664845173,0.9985159817351598,Y
M0239,366,365,0.9989754098360656,0.9985159817351598,Y
M0240,366,365,0.9985200364298725,0.9984018264840183,Y
M0241,366,365,0.9984061930783242,0.9985159817351598,Y
M0242,286,293,0.993006993006993,0.9964448236632537,N
M0243,297,365,0.9960718294051627,0.9984018264840183,N
M0244,366,365,0.998747723132969,0.9982876712328768,Y
M0245,281,365,0.9955516014234875,0.9981735159817352,N
M0246,366,365,0.9989754098360656,0.998972602739726,Y
M0247,366,365,0.9988615664845173,0.9979452054794521,Y
M0248,91,365,0.9922161172161172,0.9965753424657534,N
M0249,148,365,0.9923986486486487,0.9968036529680365,N
M0250,366,365,0.9989754098360656,0.9994292237442922,Y
M0251,366,365,0.9990892531876139,0.9994292237442922,Y
M0252,366,365,0.9990892531876139,0.9985159817351598,Y
M0253,90,365,0.9935185185185185,0.9968036529680365,N
M0254,366,365,0.9989754098360656,0.9986301369863013,Y
M0255,366,365,0.9984061930783242,0.9994292237442922,Y
M0256,366,365,0.998747723132969,0.9985159817351598,Y
M0257,366,352,0.9984061930783242,0.9965672348484849,N
M0258,366,365,0.9986338797814208,0.9984018264840183,Y
M0259,291,161,0.9939862542955327,0.9945652173913043,N
M0260,366,365,0.9984061930783242,0.9982876712328768,Y
M0261,347,365,0.9756243996157541,0.9968036529680365,N
M0262,366,365,0.9992030965391621,0.9994292237442922,Y
M0263,366,365,0.998747723132969,0.9986301369863013,Y
M0264,366,365,0.9985200364298725,0.9984018264840183,Y
M0265,366,365,0.9985200364298725,0.9984018264840183,Y
M0266,366,365,0.9985200364298725,0.9973744292237443,Y
M0267,366,365,0.9988615664845173,0.9982876712328768,Y
M0268,366,365,0.9947632058287796,0.9938356164383562,N
M0269,366,365,0.9985200364298725,0.9982876712328768,Y
M0270,366,365,0.9989754098360656,0.9954337899543378,Y
M0271,211,365,0.9790679304897314,0.9964611872146119,N
M0272,366,365,0.9985200364298725,0.9984018264840183,Y
M0273,366,349,0.9986338797814208,0.9947468958930277,N
M0274,356,356,0.9953183520599251,0.9976591760299626,N
M0275,366,364,0.998747723132969,0.9945054945054945,N
M0276,366,365,0.9986338797814208,0.9985159817351598,Y
M0277,366,365,0.9986338797814208,0.9986301369863013,Y
M0278,366,365,0.9988615664845173,0.9988584474885844,Y
M0279,366,365,0.9985200364298725,0.9985159817351598,Y
M0280,68,365,0.9926470588235294,0.9968036529680365,N
M0281,342,365,0.9953703703703703,0.9982876712328768,N
M0282,366,365,0.998747723132969,0.9974885844748859,Y
M0283,366,365,0.9985200364298725,0.9982876712328768,Y
M0284,366,365,0.9988615664845173,0.9985159817351598,Y
M0285,366,365,0.998747723132969,0.9985159817351598,Y
M0286,366,365,0.998747723132969,0.9982876712328768,Y
M0287,366,365,0.9989754098360656,0.9984018264840183,Y
M0288,349,365,0.9689589302769819,0.9579908675799087,N
M0289,366,365,0.9985200364298725,0.9982876712328768,Y
M0290,366,365,0.998747723132969,0.9984018264840183,Y
M0291,366,365,0.998747723132969,0.9984018264840183,Y
M0292,349,288,0.9738538681948424,0.9952256944444444,N
M0293,306,365,0.9952342047930284,0.9985159817351598,N
M0294,366,364,0.9996584699453552,0.9972527472527473,N
M0295,366,365,0.9985200364298725,0.9987442922374429,Y
M0296,170,115,0.9948529411764706,0.9847826086956522,N
M0297,366,365,0.9988615664845173,0.9986301369863013,Y
M0298,366,302,0.9920309653916212,0.9922737306843267,N
M0299,323,188,0.9974200206398349,0.9964539007092199,N
M0300,357,365,0.998249299719888,0.9915525114155251,N
M0301,366,365,0.998747723132969,0.9981735159817352,Y
M0302,366,365,0.9985200364298725,0.9981735159817352,Y
M0303,366,365,0.9990892531876139,0.9982876712328768,Y
M0304,366,365,0.998747723132969,0.9981735159817352,Y
M0305,366,341,0.9989754098360656,0.9953567937438905,N
M0306,351,365,0.9971509971509972,0.9969178082191781,N
M0307,366,365,0.9990892531876139,0.9970319634703196,Y
M0308,103,365,0.9898867313915858,0.9971461187214612,N
M0309,290,365,0.996264367816092,0.9985159817351598,N
M0310,366,365,0.9989754098360656,0.9984018264840183,Y
M0311,366,365,0.9986338797814208,0.9960045662100456,Y
M0312,366,315,0.9992030965391621,0.9986772486772487,N
M0313,363,360,0.97910927456382,0.9729166666666667,N
M0314,90,365,0.9972222222222222,0.9970319634703196,N
M0315,366,365,0.9988615664845173,0.9986301369863013,Y
M0316,366,334,0.9976092896174863,0.9896457085828343,N
M0317,22,365,0.9621212121212122,0.9981735159817352,N
M0318,366,365,0.9980646630236795,0.997716894977169,Y
M0319,366,365,0.9985200364298725,0.9992009132420091,Y
M0320,366,365,0.9985200364298725,0.9982876712328768,Y
M0321,366,365,0.998747723132969,0.9986301369863013,Y
M0322,94,171,0.9902482269503546,0.9939083820662769,N
M0323,365,365,0.9928082191780822,0.9958904109589041,N
M0324,299,365,0.947324414715719,0.9982876712328768,N
M0325,366,365,0.9985200364298725,0.9984018264840183,Y
M0326,366,365,0.9989754098360656,0.9986301369863013,Y
M0327,351,365,0.9973884140550807,0.9962328767123287,N
M0328,366,365,0.9982923497267759,0.9985159817351598,Y
M0329,180,365,0.9981481481481481,0.9986301369863013,N
M0330,267,218,0.9973470661672909,0.9959862385321101,N
M0331,366,223,0.9992030965391621,0.9955156950672646,N
M0332,250,232,0.9971666666666666,0.9976652298850575,N
M0333,366,365,0.9986338797814208,0.9963470319634703,Y
M0334,366,307,0.9992030965391621,0.9976927252985885,N
M0335,288,239,0.9973958333333334,0.9980822873082287,N
M0336,366,365,0.9985200364298725,0.9984018264840183,Y
M0337,128,365,0.9947916666666666,0.9970319634703196,N
M0338,366,365,0.998747723132969,0.9982876712328768,Y
M0339,302,365,0.9954470198675497,0.9986301369863013,N
M0340,366,365,0.9985200364298725,0.9985159817351598,Y
M0341,200,365,0.991875,0.9968036529680365,N
M0342,366,365,0.9985200364298725,0.9980593607305936,Y
M0343,366,365,0.9980646630236795,0.9985159817351598,Y
M0344,366,365,0.9972677595628415,0.9987442922374429,Y
M0345,365,364,0.9431506849315069,0.9870650183150184,N
M0346,366,365,0.9985200364298725,0.9979452054794521,Y
M0347,309,365,0.9954153182308522,0.9979452054794521,N
M0348,366,365,0.9989754098360656,0.9982876712328768,Y
M0349,366,365,0.9988615664845173,0.9988584474885844,Y
M0350,366,365,0.9992030965391621,0.9994292237442922,Y
M0351,366,365,0.998747723132969,0.9979452054794521,Y
M0352,355,339,0.9343896713615023,0.971976401179941,N
M0353,183,365,0.9968123861566485,0.9984018264840183,N
M0354,366,365,0.9988615664845173,0.9986301369863013,Y
M0355,346,365,0.9960260115606936,0.9987442922374429,N
M0356,366,365,0.998747723132969,0.996689497716895,Y
M0357,366,365,0.9982923497267759,0.9984018264840183,Y
M0358,366,365,0.9982923497267759,0.9982876712328768,Y
M0359,366,294,0.9989754098360656,0.9897959183673469,N
M0360,366,365,0.9982923497267759,0.9982876712328768,Y
M0361,326,365,0.9837678936605317,0.9985159817351598,N
M0362,91,365,0.9922161172161172,0.9973744292237443,N
M0363,366,364,0.9992030965391621,0.9961080586080586,N
M0364,366,365,0.9986338797814208,0.9986301369863013,Y
M0365,366,365,0.998747723132969,0.9982876712328768,Y
M0366,366,365,0.9981785063752276,0.9986301369863013,Y
M0367,366,365,0.9992030965391621,0.9992009132420091,Y
M0368,366,365,0.9992030965391621,0.9994292237442922,Y
M0369,366,365,0.9982923497267759,0.9986301369863013,Y
M0370,366,365,0.9988615664845173,0.9985159817351598,Y
M0371,366,365,0.9988615664845173,0.9984018264840183,Y
M0372,366,365,0.9988615664845173,0.9985159817351598,Y
M0373,366,365,0.9990892531876139,0.9982876712328768,Y
M0374,130,354,1.0,0.9963512241054614,N
M0375,366,365,0.9988615664845173,0.9985159817351598,Y
M0376,366,365,0.9985200364298725,0.997716894977169,Y
M0377,366,365,0.9955601092896175,0.9981735159817352,Y
M0378,366,365,0.9981785063752276,0.9937214611872146,N
M0379,366,365,0.9980646630236795,0.9980593607305936,Y
M0380,366,365,0.99408014571949,0.9979452054794521,N
M0381,366,365,0.9988615664845173,0.9986301369863013,Y
M0382,366,365,0.9988615664845173,0.9987442922374429,Y
M0383,366,365,0.9976092896174863,0.9973744292237443,Y
M0384,366,365,0.998747723132969,0.9984018264840183,Y
M0385,219,363,0.7201293759512938,0.9668273645546372,N
M0386,366,365,0.9984061930783242,0.9985159817351598,Y
M0387,299,365,0.9942865105908584,0.9984018264840183,N
M0388,366,341,0.9989754098360656,0.9951124144672532,N
M0389,221,365,0.9947209653092006,0.9981735159817352,N
M0390,221,365,0.9947209653092006,0.9981735159817352,N
M0391,366,365,0.9985200364298725,0.9982876712328768,Y
M0392,366,341,0.9990892531876139,0.9967008797653959,N
M0393,366,365,0.998747723132969,0.9986301369863013,Y
M0394,316,365,0.9956487341772152,0.9984018264840183,N
M0395,366,365,0.998747723132969,0.9981735159817352,Y
M0396,366,365,0.9988615664845173,0.9986301369863013,Y
M0397,366,365,1.0,1.0,Y
M0398,366,365,0.9985200364298725,0.9981735159817352,Y
M0399,366,365,1.0,1.0,Y
M0400,344,365,0.9943071705426356,0.9982876712328768,N
M0401,344,365,0.9940649224806202,0.9980593607305936,N
M0402,366,365,0.9981785063752276,0.9984018264840183,Y
M0403,222,365,0.9956831831831832,0.9968036529680365,N
M0404,366,365,1.0,1.0,Y
M0405,366,365,1.0,1.0,Y
M0406,366,365,0.9962431693989071,0.9945205479452055,N
M0407,132,365,0.9933712121212122,0.9981735159817352,N
M0408,366,365,0.9992030965391621,0.9985159817351598,Y
M0409,366,148,1.0,0.9963400900900901,N
M0410,366,365,0.9980646630236795,0.9984018264840183,Y
M0411,366,365,0.9984061930783242,0.9984018264840183,Y
M0412,366,365,0.9989754098360656,0.9988584474885844,Y
M0413,366,365,0.9989754098360656,0.9986301369863013,Y
M0414,366,365,0.9989754098360656,0.998972602739726,Y
M0415,366,365,0.9985200364298725,0.9984018264840183,Y
M0416,366,365,0.9982923497267759,0.9986301369863013,Y
M0417,145,365,0.9956896551724138,0.9970319634703196,N
M0418,366,365,0.9961293260473588,0.9984018264840183,Y
M0419,365,365,0.9958904109589041,0.9957762557077625,N
M0420,366,305,1.0,0.9967213114754099,N
M0421,366,365,1.0,1.0,Y
M0422,366,365,1.0,1.0,Y
M0423,366,365,0.9990892531876139,0.9982876712328768,Y
M0424,148,365,0.9935247747747747,0.9958904109589041,N
M0425,366,365,0.9992030965391621,0.9987442922374429,Y
M0426,366,363,0.9939663023679417,0.9882920110192838,N
M0427,366,347,0.9931693989071039,0.9949567723342939,N
M0428,366,365,1.0,1.0,Y
M0429,366,365,0.9985200364298725,0.9986301369863013,Y
M0430,366,365,0.9985200364298725,0.9984018264840183,Y
M0431,366,365,0.998747723132969,0.9980593607305936,Y
M0432,366,365,0.9989754098360656,0.9988584474885844,Y
M0433,366,365,1.0,1.0,Y
M0434,366,365,0.9985200364298725,0.9984018264840183,Y
M0435,366,365,0.9988615664845173,0.9984018264840183,Y
M0436,366,365,0.998747723132969,0.9982876712328768,Y
M0437,353,365,0.9969310670443815,0.9984018264840183,N
M0438,366,361,0.998747723132969,0.996191135734072,N
M0439,366,365,0.998747723132969,0.9984018264840183,Y
M0440,247,354,0.9961201079622132,0.9941148775894538,N
M0441,366,365,0.9989754098360656,0.9982876712328768,Y
M0442,366,365,0.9974954462659381,0.9942922374429224,N
M0443,366,365,0.9986338797814208,0.9986301369863013,Y
M0444,338,365,0.9982741617357002,0.9986301369863013,N
M0445,287,365,0.9937572590011614,0.9988584474885844,N
M0446,358,365,0.9959264432029795,0.9882420091324201,N
M0447,359,365,0.9943129062209842,0.9972602739726028,N
M0448,366,365,1.0,1.0,Y
M0449,366,345,1.0,0.9963768115942029,N
M0450,366,345,1.0,0.9963768115942029,N
M0451,366,365,1.0,1.0,Y
M0452,366,365,1.0,1.0,Y
M0453,366,365,1.0,1.0,Y
M0454,366,365,1.0,0.9973744292237443,Y
M0455,366,365,1.0,1.0,Y
M0456,366,365,1.0,1.0,Y
M0457,366,365,1.0,1.0,Y
M0458,366,365,1.0,1.0,Y
M0459,366,365,1.0,1.0,Y
M0460,366,365,1.0,1.0,Y
M0461,366,365,1.0,0.9969178082191781,Y
M0462,366,365,0.9989754098360656,0.9981735159817352,Y
M0463,366,365,0.9985200364298725,0.9982876712328768,Y
M0464,366,365,0.9985200364298725,0.9984018264840183,Y
M0465,366,365,0.9980646630236795,0.9926940639269406,N
M0466,366,365,0.9989754098360656,0.9986301369863013,Y
M0467,321,365,0.995067497403946,0.9982876712328768,N
M0468,366,365,0.9992030965391621,0.9992009132420091,Y
M0469,366,365,1.0,1.0,Y
M0470,366,365,0.9989754098360656,0.9987442922374429,Y
M0471,366,355,0.9992030965391621,0.9968309859154929,N
M0472,366,365,0.9986338797814208,0.9981735159817352,Y
M0473,366,365,0.9985200364298725,0.9982876712328768,Y
M0474,328,358,0.9958079268292683,0.9824255121042831,N
M0475,148,365,0.9963400900900901,0.9981735159817352,N
M0476,366,365,1.0,1.0,Y
M0477,366,364,1.0,0.9988553113553114,N
M0478,366,365,0.9985200364298725,0.9982876712328768,Y
M0479,366,365,0.9985200364298725,0.9982876712328768,Y
M0480,366,347,1.0,0.9971181556195965,N
M0481,366,347,1.0,0.9966378482228626,N
M0482,366,365,1.0,1.0,Y
M0483,366,347,1.0,0.9971181556195965,N
M0484,366,347,1.0,0.9971181556195965,N
M0485,366,347,1.0,0.9966378482228626,N
M0486,366,349,1.0,0.994269340974212,N
M0487,366,345,1.0,0.9963768115942029,N
M0488,366,345,1.0,0.9963768115942029,N
M0489,366,349,1.0,0.9927172874880611,N
M0490,366,349,1.0,0.9927172874880611,N
M0491,366,347,0.998747723132969,0.9900336215177714,N
M0492,366,347,0.998747723132969,0.9900336215177714,N
M0493,366,365,1.0,0.9995433789954338,Y
M0494,366,347,0.998747723132969,0.9900336215177714,N
M0495,366,347,0.998747723132969,0.9900336215177714,N
M0496,366,365,1.0,0.9995433789954338,Y
M0497,366,365,1.0,0.9995433789954338,Y
M0498,366,365,1.0,0.9995433789954338,Y
M0499,366,365,1.0,1.0,Y
M0500,366,365,1.0,1.0,Y
M0501,366,365,1.0,1.0,Y
M0502,366,365,1.0,1.0,Y
M0503,364,347,0.9872939560439561,0.9903938520653218,N
M0504,364,347,0.9871794871794872,0.9903938520653218,N
M0505,366,365,1.0,1.0,Y
M0506,364,347,0.9871794871794872,0.9903938520653218,N
M0507,364,347,0.9871794871794872,0.9903938520653218,N
M0508,366,365,1.0,1.0,Y
M0509,366,365,1.0,1.0,Y
M0510,364,347,0.987408424908425,0.9903938520653218,N
M0511,364,347,0.9871794871794872,0.9903938520653218,N
M0512,366,365,1.0,1.0,Y
M0513,366,365,1.0,1.0,Y
M0514,366,365,1.0,1.0,Y
M0515,366,365,1.0,1.0,Y
M0516,366,347,1.0,0.9966378482228626,N
M0517,366,347,1.0,0.9966378482228626,N
M0518,366,365,1.0,1.0,Y
M0519,366,365,1.0,1.0,Y
M0520,366,347,1.0,0.9966378482228626,N
M0521,366,347,1.0,0.9966378482228626,N
M0522,366,365,1.0,1.0,Y
M0523,366,365,1.0,1.0,Y
M0524,366,347,1.0,0.9966378482228626,N
M0525,366,365,1.0,1.0,Y
M0526,366,365,1.0,1.0,Y
M0527,366,365,0.9989754098360656,0.9986301369863013,Y
M0528,366,365,0.9990892531876139,0.998972602739726,Y
M0529,366,365,0.998747723132969,0.9979452054794521,Y
M0530,366,365,1.0,1.0,Y
M0531,366,358,0.9990892531876139,0.9972067039106145,N
M0532,243,108,0.9967421124828533,0.9907407407407407,N
M0533,366,365,0.9978369763205829,0.9992009132420091,Y
M0534,346,323,0.9951830443159922,0.9983230134158927,N
M0535,366,365,0.9985200364298725,0.9981735159817352,Y
M0536,366,365,0.9985200364298725,0.9982876712328768,Y
M0537,366,365,0.9986338797814208,0.9984018264840183,Y
M0538,366,365,0.9992030965391621,0.9992009132420091,Y
M0539,366,365,0.9985200364298725,0.9982876712328768,Y
M0540,330,365,0.9597222222222223,0.9947488584474886,N
M0541,366,365,0.9907786885245902,0.9958904109589041,N
M0542,273,365,0.9624542124542125,0.9915525114155251,N
M0543,366,365,1.0,1.0,Y
M0544,366,365,0.998747723132969,0.9986301369863013,Y
M0545,366,365,0.9982923497267759,0.9968036529680365,Y
M0546,366,365,0.953551912568306,0.9940639269406393,N
M0547,366,365,0.9989754098360656,0.9985159817351598,Y
M0548,366,365,0.9992030965391621,0.9994292237442922,Y
M0549,362,365,0.9955110497237569,0.9981735159817352,N
M0550,343,342,0.4030612244897959,0.870004873294347,N
M0551,366,365,0.9974954462659381,0.9985159817351598,Y
M0552,366,365,0.9988615664845173,0.9960045662100456,Y
M0553,123,365,1.0,0.9986301369863013,N
M0554,366,365,0.9997723132969034,0.9998858447488584,Y
M0555,366,365,0.9985200364298725,0.9982876712328768,Y
M0556,366,365,0.9982923497267759,0.9976027397260274,Y
M0557,366,365,0.9998861566484517,1.0,Y
M0558,366,365,0.9985200364298725,0.9984018264840183,Y
M0559,366,365,0.9986338797814208,0.9984018264840183,Y
M0560,366,365,1.0,1.0,Y
M0561,365,365,0.9875570776255708,0.9865296803652968,N
M0562,366,365,0.9970400728597449,0.9981735159817352,Y
M0563,366,365,0.9961293260473588,0.9985159817351598,Y
M0564,366,365,0.998747723132969,0.9984018264840183,Y
M0565,302,365,0.9957229580573952,0.9964611872146119,N
M0566,366,365,0.9985200364298725,0.9984018264840183,Y
M0567,366,365,0.998747723132969,0.9982876712328768,Y
M0568,366,365,0.998747723132969,0.9949771689497717,N
M0569,366,365,0.998747723132969,0.9985159817351598,Y
M0570,366,365,0.9968123861566485,0.9965753424657534,Y
M0571,366,365,0.9982923497267759,0.9980593607305936,Y
M0572,146,365,0.997431506849315,0.9988584474885844,N
M0573,366,365,0.998747723132969,0.9981735159817352,Y
M0574,83,365,0.9909638554216867,0.9968036529680365,N
M0575,366,365,0.9985200364298725,0.9987442922374429,Y
M0576,366,365,0.9990892531876139,0.9986301369863013,Y
M0577,366,365,0.9990892531876139,0.9986301369863013,Y
M0578,366,365,0.9817850637522769,0.9884703196347032,N
M0579,366,365,1.0,1.0,Y
M0580,366,365,0.9985200364298725,0.9984018264840183,Y
M0581,363,365,0.9972451790633609,0.9982876712328768,N
M0582,91,365,0.989010989010989,0.9969178082191781,N
M0583,366,365,0.9986338797814208,0.9958904109589041,Y
M0584,366,365,0.9985200364298725,0.9982876712328768,Y
M0585,366,365,0.998747723132969,0.9985159817351598,Y
M0586,366,365,0.998747723132969,0.9984018264840183,Y
M0587,366,365,0.9990892531876139,0.9987442922374429,Y
M0588,366,365,0.998747723132969,0.9984018264840183,Y
M0589,366,365,0.9985200364298725,0.9986301369863013,Y
M0590,366,365,0.9981785063752276,0.9985159817351598,Y
M0591,366,365,0.998747723132969,0.9984018264840183,Y
M0592,366,365,0.998747723132969,0.9984018264840183,Y
M0593,356,326,0.9966058052434457,0.994120654396728,N
M0594,366,365,0.9986338797814208,0.9984018264840183,Y
M0595,366,365,0.9986338797814208,0.9985159817351598,Y
M0596,302,365,0.9886865342163356,0.9988584474885844,N
M0597,366,365,0.9912340619307832,0.9896118721461187,N
M0598,366,365,0.998747723132969,0.9984018264840183,Y
M0599,145,365,0.9954022988505747,0.9968036529680365,N
M0600,296,365,0.9942286036036037,0.9984018264840183,N
M0601,296,365,0.9942286036036037,0.9984018264840183,N
M0602,366,365,0.9982923497267759,0.9985159817351598,Y
M0603,366,365,0.998747723132969,0.9984018264840183,Y
M0604,366,365,0.998747723132969,0.9984018264840183,Y
M0605,96,363,0.9813368055555556,0.9962121212121212,N
M0606,366,365,0.9982923497267759,0.9984018264840183,Y
M0607,366,365,0.9985200364298725,0.9985159817351598,Y
M0608,366,365,0.9985200364298725,0.9981735159817352,Y
M0609,5,365,1.0,0.9969178082191781,N
M0610,5,365,1.0,0.9968036529680365,N
M0611,366,365,0.998747723132969,0.9981735159817352,Y
M0612,366,365,0.9989754098360656,0.9982876712328768,Y
M0613,366,365,0.998747723132969,0.9982876712328768,Y
M0614,366,365,0.9985200364298725,0.9984018264840183,Y
M0615,366,365,0.9985200364298725,0.9986301369863013,Y
M0616,366,365,0.9985200364298725,0.9982876712328768,Y
M0617,366,365,0.998747723132969,0.9982876712328768,Y
M0618,366,365,0.9321493624772313,0.9984018264840183,N
M0619,365,365,0.9893835616438356,0.991324200913242,N
M0620,366,365,0.9985200364298725,0.9980593607305936,Y
M0621,366,365,0.9986338797814208,0.9985159817351598,Y
M0622,344,365,0.9933381782945736,0.9984018264840183,N
M0623,366,365,0.998747723132969,0.9982876712328768,Y
M0624,366,365,0.9985200364298725,0.9985159817351598,Y
M0625,366,365,0.9990892531876139,0.9987442922374429,Y
M0626,351,365,0.9924026590693258,0.9982876712328768,N
M0627,366,365,0.9985200364298725,0.9982876712328768,Y
M0628,364,365,0.9971382783882784,0.9984018264840183,N
M0629,366,365,0.9989754098360656,0.9984018264840183,Y
M0630,366,365,1.0,1.0,Y
M0631,366,365,0.9981785063752276,0.9932648401826484,N
M0632,253,365,0.9925889328063241,1.0,N
M0633,288,365,0.9953703703703703,0.9982876712328768,N
M0634,285,365,0.9941520467836257,0.9984018264840183,N
M0635,366,365,0.998747723132969,0.9982876712328768,Y
M0636,366,365,0.9986338797814208,0.9984018264840183,Y
M0637,203,365,0.9969211822660099,1.0,N
M0638,83,365,0.9919678714859438,0.9968036529680365,N
M0639,366,365,0.9985200364298725,0.9984018264840183,Y
M0640,91,365,0.9913003663003663,0.9970319634703196,N
M0641,292,365,0.9958618721461188,0.9968036529680365,N
M0642,328,365,0.995045731707317,1.0,N
M0643,366,365,0.9985200364298725,0.9984018264840183,Y
M0644,353,361,0.9788715769593956,0.9834949215143121,N
M0645,366,365,0.9985200364298725,0.9981735159817352,Y
M0646,366,365,1.0,1.0,Y
M0647,366,365,0.998747723132969,0.9984018264840183,Y
M0648,366,355,1.0,0.9947183098591549,N
M0649,366,365,0.9986338797814208,0.9982876712328768,Y
M0650,366,365,0.9985200364298725,0.9981735159817352,Y
M0651,366,365,0.9988615664845173,0.9988584474885844,Y
M0652,366,365,0.9989754098360656,0.9984018264840183,Y
M0653,366,365,0.9986338797814208,0.9982876712328768,Y
M0654,193,365,0.9935233160621761,0.9982876712328768,N
M0655,366,365,1.0,1.0,Y
M0656,366,365,0.9985200364298725,0.9982876712328768,Y
M0657,366,365,0.9992030965391621,0.9994292237442922,Y
M0658,366,365,0.9971539162112932,0.9986301369863013,Y
M0659,366,365,0.9989754098360656,0.9982876712328768,Y
M0660,366,339,0.998747723132969,0.9964355948869223,N
M0661,15,365,0.9638888888888889,0.9981735159817352,N
M0662,15,365,0.9638888888888889,0.9979452054794521,N
M0663,366,365,1.0,1.0,Y
M0664,366,319,0.9988615664845173,0.9924242424242424,N
M0665,366,365,0.9985200364298725,0.9984018264840183,Y
M0666,366,365,0.9985200364298725,0.9984018264840183,Y
M0667,294,365,0.9946145124716553,0.9970319634703196,N
M0668,366,365,0.9990892531876139,0.9986301369863013,Y
M0669,152,261,0.9939692982456141,0.9982439335887612,N
M0670,366,131,0.9992030965391621,0.9875954198473282,N
M0671,348,365,0.9853927203065134,0.9985159817351598,N
M0672,185,365,0.9923423423423423,0.9970319634703196,N
M0673,317,362,0.9950052576235542,0.9973526703499079,N
M0674,366,314,0.9966985428051002,0.9912420382165605,N
M0675,214,216,0.996690031152648,0.9953703703703703,N
M0676,176,365,0.9912405303030303,0.9982876712328768,N
M0677,320,365,0.995703125,0.9994292237442922,N
M0678,238,365,0.9966736694677871,0.9985159817351598,N
M0679,101,309,0.9962871287128713,0.9982470334412082,N
M0680,136,365,0.9905024509803921,0.9984018264840183,N
M0681,366,365,1.0,1.0,Y
M0682,366,365,0.9985200364298725,0.9984018264840183,Y
M0683,169,365,0.9918639053254438,0.997716894977169,N
M0684,208,365,0.9897836538461539,0.9998858447488584,N
M0685,352,365,0.9953835227272727,0.9914383561643836,N
M0686,366,316,1.0,0.9980221518987342,N
M0687,366,330,0.9918032786885246,0.9933080808080809,N
M0688,217,365,0.9967357910906298,1.0,N
M0689,162,260,0.9943415637860082,0.9963141025641026,N
M0690,213,352,0.9894366197183099,0.9868607954545454,N
M0691,366,297,0.9993169398907104,0.9936868686868687,N
M0692,366,352,0.9992030965391621,0.9962121212121212,N
M0693,335,365,0.9925373134328358,1.0,N
M0694,285,365,0.9976608187134502,1.0,N
M0695,362,365,0.9955110497237569,0.9970319634703196,N
M0696,337,365,0.994807121661721,0.9984018264840183,N
M0697,205,218,0.9961382113821138,0.9957951070336392,N
M0698,326,365,0.9933537832310838,0.9984018264840183,N
M0699,366,365,0.9985200364298725,0.9980593607305936,Y
M0700,366,365,1.0,1.0,Y
M0701,342,365,0.996588693957115,0.9986301369863013,N
M0702,196,365,0.9921343537414966,0.9984018264840183,N
M0703,366,291,0.9992030965391621,0.9331328751431844,N
M0704,331,365,0.9938318227593153,0.9969178082191781,N
M0705,239,365,0.9900627615062761,0.9981735159817352,N
M0706,332,365,0.9956074297188755,0.9979452054794521,N
M0707,330,365,0.9959595959595959,0.9986301369863013,N
M0708,366,365,0.9984061930783242,0.9968036529680365,Y
M0709,366,365,0.9973816029143898,0.9980593607305936,Y
M0710,358,365,0.9968575418994413,0.9982876712328768,N
M0711,163,99,0.9961656441717791,0.9869528619528619,N
M0712,235,365,0.9953900709219858,1.0,N
M0713,366,340,0.9966985428051002,0.9962009803921569,N
M0714,366,293,0.9993169398907104,0.997155858930603,N
M0715,366,327,0.980988160291439,0.9853465851172273,N
M0716,366,327,0.9989754098360656,0.9955402650356778,N
M0717,340,365,0.9957107843137255,0.9985159817351598,N
M0718,182,365,0.9922161172161172,0.9979452054794521,N
M0719,363,365,0.995752984389348,0.9968036529680365,N
M0720,366,315,0.9989754098360656,0.995899470899471,N
M0721,366,315,0.998747723132969,0.9957671957671957,N
M0722,321,362,0.995846313603323,0.9955110497237569,N
M0723,343,365,0.994533527696793,0.9984018264840183,N
M0724,366,361,0.9989754098360656,0.9959602954755309,N
M0725,134,174,0.9937810945273632,0.9940134099616859,N
M0726,86,308,0.9912790697674418,0.9985119047619048,N
M0727,366,326,0.9992030965391621,0.9938650306748467,N
M0728,366,365,0.998747723132969,0.9981735159817352,Y
M0729,366,365,0.9992030965391621,0.9981735159817352,Y
M0730,135,365,0.9962962962962963,0.9986301369863013,N
M0731,366,309,0.9992030965391621,0.9959546925566343,N
M0732,96,349,0.9921875,0.9970152817574021,N
M0733,366,354,0.9980646630236795,0.9895244821092278,N
M0734,366,291,0.9990892531876139,0.9939862542955327,N
M0735,366,331,0.9892987249544627,0.9861530715005036,N
M0736,366,303,0.9845173041894353,0.9852860286028603,N
M0737,365,338,0.9938356164383562,0.9786735700197239,N
M0738,180,365,0.9912037037037037,0.9963470319634703,N
M0739,366,365,1.0,1.0,Y
M0740,259,365,0.9691119691119691,0.9970319634703196,N
M0741,128,163,0.9931640625,0.9946319018404908,N
M0742,227,365,0.993208516886931,0.996689497716895,N
M0743,324,365,0.9939557613168725,0.9985159817351598,N
M0744,316,341,0.9961761603375527,0.9965786901270772,N
M0745,194,124,0.9952749140893471,0.9963037634408602,N
M0746,366,365,0.9993169398907104,0.9971461187214612,Y
M0747,366,332,0.9988615664845173,0.9967369477911646,N
M0748,366,365,0.998747723132969,0.9994292237442922,Y
M0749,366,365,0.9984061930783242,0.9984018264840183,Y
M0750,366,336,0.9976092896174863,0.9956597222222222,N
M0751,182,327,0.9993131868131868,0.9947757390417941,N
M0752,293,365,0.9954493742889647,0.997716894977169,N
M0753,297,363,0.9941077441077442,0.996900826446281,N
M0754,366,335,0.9979508196721312,0.9953980099502487,N
M0755,125,365,0.994,0.9984018264840183,N
M0756,366,365,0.998747723132969,0.9984018264840183,Y
M0757,366,187,0.9992030965391621,0.9908645276292335,N
M0758,366,207,0.9989754098360656,0.9921497584541062,N
M0759,331,236,0.9910624370594159,0.9927612994350282,N
M0760,336,236,0.9945436507936508,0.9929378531073446,N
M0761,366,365,0.9553734061930783,0.9522831050228311,N
M0762,366,365,0.9992030965391621,0.9994292237442922,Y
M0763,362,365,0.9623618784530387,0.9985159817351598,N
M0764,285,34,0.9978070175438597,0.9865196078431373,N
M0765,366,365,0.9992030965391621,0.9994292237442922,Y
M0766,345,365,0.9958937198067633,0.9984018264840183,N
M0767,366,250,0.9510473588342441,0.9693333333333334,N
M0768,366,365,0.9992030965391621,0.9992009132420091,Y
M0769,366,365,0.9992030965391621,0.9992009132420091,Y
M0770,366,365,0.9992030965391621,0.9992009132420091,Y
M0771,366,365,0.9985200364298725,0.9984018264840183,Y
M0772,83,362,0.9944779116465864,0.9974677716390423,N
M0773,366,365,0.9989754098360656,0.9982876712328768,Y
M0774,366,365,0.9989754098360656,0.9859589041095891,N
M0775,332,318,0.985316265060241,0.9968553459119497,N
M0776,366,365,0.9989754098360656,0.9982876712328768,Y
M0777,366,365,0.9984061930783242,0.9948630136986302,N
M0778,366,312,0.9952185792349727,0.9953258547008547,N
M0779,366,365,0.9989754098360656,0.9984018264840183,Y
M0780,184,318,0.9966032608695652,0.997248427672956,N
M0781,366,365,0.998747723132969,0.9994292237442922,Y
M0782,366,365,0.9986338797814208,0.998972602739726,Y
M0783,366,365,0.9993169398907104,0.9988584474885844,Y
M0784,366,365,1.0,1.0,Y
M0785,180,350,0.9956018518518519,0.9971428571428571,N
M0786,180,311,0.9956018518518519,0.9973204715969989,N
M0787,366,365,0.9978369763205829,0.9985159817351598,Y
M0788,366,365,0.9992030965391621,0.9981735159817352,Y
M0789,366,365,0.9990892531876139,0.9982876712328768,Y
M0790,366,242,0.9992030965391621,0.9953512396694215,N
M0791,366,365,0.9989754098360656,0.9994292237442922,Y
M0792,366,364,0.9993169398907104,0.9886675824175825,N
M0793,366,365,0.9990892531876139,0.9990867579908675,Y
M0794,366,362,0.9992030965391621,0.9973526703499079,N
M0795,366,365,0.9980646630236795,0.9953196347031964,Y
M0796,366,365,0.9992030965391621,0.9992009132420091,Y
M0797,366,365,0.9992030965391621,0.9992009132420091,Y
M0798,366,365,0.9992030965391621,0.9994292237442922,Y
M0799,366,365,0.9992030965391621,0.9970319634703196,Y
M0800,366,365,0.9986338797814208,0.9986301369863013,Y
M0801,366,365,0.9992030965391621,0.9994292237442922,Y
M0802,366,365,0.9989754098360656,0.9982876712328768,Y
M0803,366,344,0.998747723132969,0.9976986434108527,N
M0804,366,365,0.9992030965391621,0.9994292237442922,Y
M0805,366,347,0.9733606557377049,0.9734630163304515,N
M0806,302,365,0.9718543046357616,0.9984018264840183,N
M0807,366,365,0.9989754098360656,0.9994292237442922,Y
M0808,366,365,0.9914617486338798,0.9860730593607306,N
M0809,366,365,0.9992030965391621,0.9994292237442922,Y
M0810,366,365,0.9992030965391621,0.9994292237442922,Y
M0811,366,365,0.9989754098360656,0.9994292237442922,Y
M0812,366,365,0.9990892531876139,0.9990867579908675,Y
M0813,366,365,0.9989754098360656,0.9994292237442922,Y
M0814,366,365,0.9989754098360656,0.9994292237442922,Y
M0815,366,239,0.9992030965391621,0.9925034867503487,N
M0816,366,365,0.9943078324225865,0.9965753424657534,N
M0817,366,365,0.9943078324225865,0.9965753424657534,N
M0818,366,229,0.9992030965391621,0.9830786026200873,N
M0819,366,365,0.9992030965391621,0.9994292237442922,Y
M0820,366,365,1.0,1.0,Y
M0821,326,315,0.9955265848670757,0.9965608465608465,N
M0822,312,365,0.9978632478632479,0.9987442922374429,N
M0823,312,365,0.9978632478632479,1.0,N
M0824,348,348,0.9947318007662835,0.9952107279693486,N
M0825,366,365,0.9989754098360656,0.9985159817351598,Y
M0826,366,365,0.9985200364298725,0.9650684931506849,N
M0827,366,365,0.9964708561020036,0.994406392694064,N
M0828,366,365,1.0,1.0,Y
M0829,366,365,0.998747723132969,0.9992009132420091,Y
M0830,366,252,0.9986338797814208,0.998181216931217,N
M0831,366,348,0.9985200364298725,0.9940134099616859,N
M0832,366,365,0.9985200364298725,0.998972602739726,Y
M0833,366,258,0.9979508196721312,0.9956395348837209,N
M0834,366,365,0.9985200364298725,0.9979452054794521,Y
M0835,360,365,0.9979166666666667,0.9984018264840183,N
M0836,366,365,0.9929417122040073,0.9992009132420091,N
M0837,366,365,0.9986338797814208,0.9984018264840183,Y
M0838,366,365,0.9993169398907104,0.9994292237442922,Y
M0839,366,365,0.9992030965391621,0.9994292237442922,Y
M0840,364,359,0.9946199633699634,0.9943129062209842,N
M0841,366,349,0.9986338797814208,0.9929560649474689,N
M0842,366,365,0.9988615664845173,0.9992009132420091,Y
M0843,351,365,0.9957264957264957,0.9985159817351598,N
M0844,331,365,0.9420946626384693,0.9994292237442922,N
M0845,366,365,0.998747723132969,0.9984018264840183,Y
M0846,366,365,0.9984061930783242,0.9981735159817352,Y
M0847,366,365,0.9992030965391621,0.9994292237442922,Y
M0848,366,365,0.998747723132969,0.9984018264840183,Y
M0849,366,365,0.9992030965391621,0.9994292237442922,Y
M0850,366,327,0.9992030965391621,0.9945208970438328,N
M0851,366,365,0.9993169398907104,0.9992009132420091,Y
M0852,366,365,0.9992030965391621,0.9994292237442922,Y
M0853,366,344,0.9939663023679417,0.9321705426356589,N
M0854,112,332,0.7961309523809523,0.9984939759036144,N
M0855,366,365,0.9989754098360656,0.9984018264840183,Y
M0856,366,365,0.9985200364298725,0.9982876712328768,Y
M0857,366,338,0.9986338797814208,0.9942061143984221,N
M0858,366,365,0.9989754098360656,0.9990867579908675,Y
M0859,366,365,0.9992030965391621,0.9985159817351598,Y
M0860,366,365,0.9989754098360656,0.9985159817351598,Y
M0861,353,365,0.9926817752596789,0.9982876712328768,N
M0862,366,365,0.9980646630236795,0.997716894977169,Y
M0863,366,365,0.9992030965391621,0.998972602739726,Y
M0864,148,365,0.9938063063063063,0.9970319634703196,N
M0865,366,365,0.9985200364298725,0.9984018264840183,Y
M0866,335,365,0.9958955223880597,0.9981735159817352,N
M0867,366,365,0.9993169398907104,0.9994292237442922,Y
M0868,366,365,0.9992030965391621,0.9994292237442922,Y
M0869,366,365,0.9982923497267759,0.9955479452054794,Y
M0870,366,365,0.9992030965391621,0.9992009132420091,Y
M0871,365,365,0.9979452054794521,0.9984018264840183,N
M0872,366,365,0.9988615664845173,0.9986301369863013,Y
M0873,366,365,0.998747723132969,0.9982876712328768,Y
M0874,357,365,0.998015873015873,0.9984018264840183,N
M0875,366,365,0.9939663023679417,0.9988584474885844,N
M0876,366,365,1.0,1.0,Y
M0877,366,365,0.998747723132969,0.9940639269406393,N
M0878,366,365,0.9992030965391621,0.9994292237442922,Y
M0879,366,365,0.9985200364298725,0.9982876712328768,Y
M0880,364,365,0.9954212454212454,0.9987442922374429,N
M0881,366,365,0.9989754098360656,0.9969178082191781,Y
M0882,366,365,0.998747723132969,0.9982876712328768,Y
M0883,366,365,0.9923724954462659,0.9970319634703196,N
M0884,366,365,0.9992030965391621,0.9993150684931507,Y
M0885,366,365,0.9985200364298725,0.9973744292237443,Y
M0886,366,365,0.998747723132969,0.9987442922374429,Y
M0887,322,365,0.9943064182194618,0.9982876712328768,N
M0888,322,365,0.9939182194616977,0.9981735159817352,N
M0889,366,365,0.998747723132969,0.996689497716895,Y
M0890,366,365,0.9981785063752276,0.9954337899543378,Y
M0891,366,365,0.9992030965391621,0.997716894977169,Y
M0892,366,365,0.9988615664845173,0.9984018264840183,Y
M0893,366,365,0.9988615664845173,0.9987442922374429,Y
M0894,366,365,0.998747723132969,0.9984018264840183,Y
M0895,366,365,0.9985200364298725,0.9984018264840183,Y
M0896,366,365,0.9986338797814208,0.9982876712328768,Y
M0897,366,365,0.9986338797814208,0.9984018264840183,Y
M0898,289,365,0.9976931949250288,0.9986301369863013,N
M0899,327,361,0.9841997961264016,0.9755309325946445,N
M0900,321,332,0.9971443406022845,0.8778865461847389,N
M0901,366,365,0.9749544626593807,0.9628995433789954,N
M0902,366,365,0.9989754098360656,0.9985159817351598,Y
M0903,366,365,0.9986338797814208,0.9993150684931507,Y
M0904,366,365,0.998747723132969,0.9985159817351598,Y
M0905,366,365,0.9982923497267759,0.997716894977169,Y
M0906,366,364,1.0,0.9972527472527473,N
M0907,366,365,0.9985200364298725,0.9888127853881279,N
M0908,366,365,0.9844034608378871,0.9972602739726028,N
M0909,366,365,0.9941939890710383,0.9976027397260274,N
M0910,366,365,0.9946493624772313,0.9970319634703196,N
M0911,366,365,0.998747723132969,0.9985159817351598,Y
M0912,366,364,0.9988615664845173,0.9947344322344323,N
M0913,366,365,0.9986338797814208,0.9984018264840183,Y
M0914,366,365,0.9985200364298725,0.990296803652968,N
M0915,366,365,0.998747723132969,0.9986301369863013,Y
M0916,366,178,0.9989754098360656,0.9927434456928839,N
M0917,366,178,0.9989754098360656,0.9929775280898876,N
M0918,366,365,1.0,1.0,Y
M0919,366,365,0.9985200364298725,0.9980593607305936,Y
M0920,366,365,0.9982923497267759,0.9984018264840183,Y
M0921,366,365,0.9985200364298725,0.9980593607305936,Y
M0922,366,365,0.9982923497267759,0.9979452054794521,Y
M0923,366,365,0.9985200364298725,0.9971461187214612,Y
M0924,366,365,0.998747723132969,0.9986301369863013,Y
M0925,366,356,0.9979508196721312,0.9959035580524345,N
M0926,362,356,0.9951657458563536,0.9960205992509363,N
M0927,245,292,0.9976190476190476,0.9984303652968036,N
M0928,366,365,0.998747723132969,0.9985159817351598,Y
M0929,366,338,0.9984061930783242,0.9961785009861933,N
M0930,366,315,0.9980646630236795,0.995899470899471,N
M0931,366,365,0.9989754098360656,0.9984018264840183,Y
M0932,366,365,0.9981785063752276,0.9958904109589041,Y
M0933,366,365,0.9976092896174863,0.9984018264840183,Y
M0934,366,365,0.998747723132969,0.9985159817351598,Y
M0935,366,365,0.998747723132969,0.9982876712328768,Y
M0936,366,365,1.0,1.0,Y
M0937,366,365,0.998747723132969,0.9978310502283105,Y
M0938,366,365,0.998747723132969,0.997716894977169,Y
M0939,366,365,0.998747723132969,0.9979452054794521,Y
M0940,366,365,0.998747723132969,0.9982876712328768,Y
M0941,366,365,0.9985200364298725,0.9985159817351598,Y
M0942,366,365,0.9985200364298725,0.9984018264840183,Y
M0943,366,365,0.9960154826958105,0.994406392694064,N
M0944,366,365,0.998747723132969,0.9984018264840183,Y
M0945,366,364,0.9986338797814208,0.9902701465201466,N
M0946,366,365,0.998747723132969,0.9981735159817352,Y
M0947,366,365,0.9985200364298725,0.9984018264840183,Y
M0948,366,365,0.9961293260473588,0.9976027397260274,Y
M0949,366,365,0.9989754098360656,0.9984018264840183,Y
M0950,366,365,0.9985200364298725,0.9984018264840183,Y
M0951,366,365,0.998747723132969,0.9984018264840183,Y
M0952,366,365,1.0,1.0,Y
M0953,366,365,0.9985200364298725,0.9984018264840183,Y
M0954,366,365,0.998747723132969,0.9984018264840183,Y
M0955,366,365,0.998747723132969,0.9984018264840183,Y
M0956,366,365,0.9986338797814208,0.9978310502283105,Y
M0957,366,365,0.998747723132969,0.9984018264840183,Y
M0958,366,365,0.9988615664845173,0.9982876712328768,Y
M0959,366,340,0.9992030965391621,0.9892156862745098,N
M0960,366,365,0.998747723132969,0.9981735159817352,Y
M0961,366,365,0.998747723132969,0.9981735159817352,Y
M0962,366,365,0.9982923497267759,0.9982876712328768,Y
M0963,366,365,0.9990892531876139,0.9982876712328768,Y
M0964,366,365,0.998747723132969,0.9984018264840183,Y
M0965,366,365,0.9985200364298725,0.9984018264840183,Y
M0966,277,359,0.9929302045728039,0.9810817084493965,N
M0967,366,365,0.9982923497267759,0.9982876712328768,Y
M0968,366,365,0.9985200364298725,0.9984018264840183,Y
M0969,366,365,0.9986338797814208,0.9984018264840183,Y
M0970,366,365,0.9984061930783242,0.9978310502283105,Y
M0971,366,365,0.998747723132969,0.9981735159817352,Y
M0972,366,365,0.9982923497267759,0.9984018264840183,Y
M0973,366,365,0.998747723132969,0.9984018264840183,Y
M0974,366,365,0.9986338797814208,0.9981735159817352,Y
M0975,366,365,0.998747723132969,0.9984018264840183,Y
M0976,366,365,0.998747723132969,0.9982876712328768,Y
M0977,253,365,0.9896245059288538,0.9815068493150685,N
M0978,366,365,0.9982923497267759,0.9985159817351598,Y
M0979,366,365,0.998747723132969,0.9981735159817352,Y
M0980,366,365,0.9906648451730419,0.9961187214611872,N
M0981,366,365,0.9989754098360656,0.997716894977169,Y
M0982,366,365,0.9982923497267759,0.9985159817351598,Y
M0983,366,365,0.9985200364298725,0.9971461187214612,Y
M0984,366,365,0.9985200364298725,0.9984018264840183,Y
M0985,366,365,0.9985200364298725,0.9981735159817352,Y
M0986,366,365,0.998747723132969,0.9984018264840183,Y
M0987,366,365,0.9990892531876139,0.9980593607305936,Y
M0988,366,365,0.998747723132969,0.9986301369863013,Y
M0989,366,365,0.9988615664845173,0.9978310502283105,Y
M0990,365,365,0.9972602739726028,0.9982876712328768,N
M0991,366,365,0.998747723132969,0.9984018264840183,Y
M0992,366,365,0.998747723132969,0.9986301369863013,Y
M0993,283,365,0.9967608951707891,0.9968036529680365,N
M0994,353,365,0.9968130311614731,0.9985159817351598,N
M0995,366,365,0.9984061930783242,0.9969178082191781,Y
M0996,359,365,0.9974466109563602,0.9986301369863013,N
M0997,366,364,0.9903233151183971,0.9925595238095238,N
M0998,366,365,0.9985200364298725,0.9982876712328768,Y
M0999,366,365,0.9985200364298725,0.9982876712328768,Y
M1000,366,365,0.998747723132969,0.9981735159817352,Y
M1001,366,365,0.9986338797814208,0.9984018264840183,Y
M1002,366,365,0.9990892531876139,0.9985159817351598,Y
M1003,366,365,0.9968123861566485,0.9973744292237443,Y
M1004,366,365,0.998747723132969,0.9984018264840183,Y
M1005,366,365,0.9988615664845173,0.9986301369863013,Y
M1006,366,365,0.998747723132969,0.9984018264840183,Y
M1007,366,365,0.9988615664845173,0.9986301369863013,Y
M1008,366,365,0.998747723132969,0.9984018264840183,Y
M1009,364,365,0.9980540293040293,0.9985159817351598,N
M1010,366,365,0.998747723132969,0.9987442922374429,Y
M1011,366,365,0.9989754098360656,0.9984018264840183,Y
M1012,366,365,0.9985200364298725,0.9984018264840183,Y
M1013,366,365,0.998747723132969,0.9981735159817352,Y
M1014,366,365,0.9985200364298725,0.9984018264840183,Y
M1015,303,349,0.9972497249724972,0.9970152817574021,N
M1016,366,365,0.9986338797814208,0.9984018264840183,Y
M1017,366,365,0.9989754098360656,0.9984018264840183,Y
M1018,366,365,1.0,0.9998858447488584,Y
M1019,366,365,0.9989754098360656,0.9980593607305936,Y
M1020,366,365,0.998747723132969,0.9984018264840183,Y
M1021,366,365,0.9985200364298725,0.9982876712328768,Y
M1022,366,365,0.9985200364298725,0.9982876712328768,Y
M1023,366,365,0.9985200364298725,0.9985159817351598,Y
M1024,366,365,1.0,1.0,Y
M1025,366,365,0.9980646630236795,0.9979452054794521,Y
M1026,366,365,0.9982923497267759,0.9979452054794521,Y
M1027,366,365,0.9971539162112932,0.9972602739726028,Y
M1028,173,365,0.9944605009633911,1.0,N
M1029,366,365,1.0,1.0,Y
M1030,366,365,1.0,1.0,Y
M1031,366,365,0.9988615664845173,0.9985159817351598,Y
M1032,366,365,0.9985200364298725,0.9985159817351598,Y
M1033,366,365,0.998747723132969,0.9985159817351598,Y
M1034,366,350,0.9969262295081968,0.9957142857142857,N
M1035,366,365,0.998747723132969,0.9984018264840183,Y
M1036,366,365,0.9985200364298725,0.997716894977169,Y
M1037,366,365,0.9973816029143898,0.9971461187214612,Y
M1038,366,365,0.9973816029143898,0.9960045662100456,Y
M1039,366,365,0.9984061930783242,0.9984018264840183,Y
M1040,366,365,0.9985200364298725,0.9987442922374429,Y
M1041,366,365,0.9985200364298725,0.9985159817351598,Y
M1042,366,363,0.9867941712204007,0.9873737373737373,N
M1043,366,363,0.9867941712204007,0.9874885215794307,N
M1044,366,365,0.9842896174863388,0.9942922374429224,N
M1045,366,206,0.9992030965391621,0.977953074433657,N
M1046,366,365,0.9992030965391621,0.9981735159817352,Y
M1047,366,365,0.9988615664845173,0.9984018264840183,Y
M1048,366,365,0.9985200364298725,0.9982876712328768,Y
M1049,366,365,0.998747723132969,0.9984018264840183,Y
M1050,366,365,0.998747723132969,0.9980593607305936,Y
M1051,366,365,0.9985200364298725,0.9984018264840183,Y
M1052,366,365,0.998747723132969,0.9984018264840183,Y
M1053,366,365,1.0,1.0,Y
M1054,366,365,1.0,1.0,Y
M1055,366,365,1.0,1.0,Y
M1056,366,270,0.9980646630236795,0.9970679012345679,N
M1057,366,365,0.9985200364298725,0.9984018264840183,Y
M1058,366,365,1.0,1.0,Y
M1059,366,365,0.9988615664845173,0.9981735159817352,Y
M1060,366,365,0.9974954462659381,0.9979452054794521,Y
M1061,366,365,0.9986338797814208,0.9978310502283105,Y
M1062,366,365,0.9986338797814208,0.9978310502283105,Y
M1063,366,363,0.9985200364298725,0.9919651056014692,N
M1064,366,365,0.998747723132969,0.9984018264840183,Y
M1065,366,365,0.9985200364298725,0.9984018264840183,Y
M1066,366,365,1.0,1.0,Y
M1067,366,365,0.998747723132969,0.9985159817351598,Y
M1068,366,365,0.9982923497267759,0.9984018264840183,Y
M1069,366,365,1.0,1.0,Y
M1070,366,365,1.0,1.0,Y
M1071,366,365,1.0,1.0,Y
M1072,366,365,1.0,1.0,Y
M1073,366,365,0.9998861566484517,1.0,Y
M1074,366,365,0.9998861566484517,1.0,Y
M1075,366,365,1.0,1.0,Y
M1076,366,365,0.9986338797814208,0.9973744292237443,Y
M1077,366,365,0.9989754098360656,0.9981735159817352,Y
M1078,366,231,0.9985200364298725,0.9906204906204906,N
M1079,366,365,0.9986338797814208,0.9987442922374429,Y
M1080,366,365,0.998747723132969,0.9986301369863013,Y
M1081,366,365,0.9853142076502732,0.9985159817351598,N
M1082,366,365,0.9985200364298725,0.9981735159817352,Y
M1083,366,365,0.9985200364298725,0.9984018264840183,Y
M1084,366,365,1.0,1.0,Y
M1085,366,365,0.998747723132969,0.9982876712328768,Y
M1086,366,365,0.9985200364298725,0.9982876712328768,Y
M1087,366,365,0.9985200364298725,0.9981735159817352,Y
M1088,366,365,0.9985200364298725,0.9984018264840183,Y
M1089,366,365,0.998747723132969,0.9984018264840183,Y
M1090,366,365,0.9976092896174863,0.9985159817351598,Y
M1091,256,100,0.9967447916666666,0.99125,N
M1092,366,340,0.9985200364298725,0.9962009803921569,N
M1093,358,365,0.9959264432029795,0.9985159817351598,N
M1094,358,365,0.9958100558659218,0.9987442922374429,N
M1095,358,365,0.9959264432029795,0.9985159817351598,N
M1096,366,365,0.9985200364298725,0.9984018264840183,Y
M1097,366,365,0.998747723132969,0.9981735159817352,Y
M1098,44,198,0.9971590909090909,0.9955808080808081,N
M1099,366,365,0.9985200364298725,0.9984018264840183,Y
M1100,366,365,0.9989754098360656,0.9981735159817352,Y
M1101,366,365,0.9989754098360656,0.9984018264840183,Y
M1102,366,365,0.998747723132969,0.9980593607305936,Y
M1103,366,365,0.998747723132969,0.9985159817351598,Y
M1104,366,365,0.9986338797814208,0.9981735159817352,Y
M1105,366,365,0.998747723132969,0.9981735159817352,Y
M1106,366,365,1.0,1.0,Y
M1107,366,365,0.998747723132969,0.9985159817351598,Y
M1108,366,365,0.9977231329690346,0.9973744292237443,Y
M1109,366,312,1.0,0.9965277777777778,N
M1110,366,365,0.998747723132969,0.9984018264840183,Y
M1111,366,365,0.9986338797814208,0.9985159817351598,Y
M1112,366,365,0.9986338797814208,0.9984018264840183,Y
M1113,366,365,0.9985200364298725,0.9984018264840183,Y
M1114,322,365,0.9967650103519669,0.9984018264840183,N
M1115,366,365,0.9985200364298725,0.9982876712328768,Y
M1116,366,365,0.998747723132969,0.997716894977169,Y
M1117,366,365,0.9988615664845173,0.9982876712328768,Y
M1118,366,365,0.9988615664845173,0.9985159817351598,Y
M1119,366,365,0.9989754098360656,0.9984018264840183,Y
M1120,366,365,0.998747723132969,0.9982876712328768,Y
M1121,366,365,0.9985200364298725,0.9984018264840183,Y
M1122,366,365,0.9988615664845173,0.9982876712328768,Y
M1123,366,365,0.998747723132969,0.9985159817351598,Y
M1124,366,365,0.998747723132969,0.9982876712328768,Y
M1125,366,365,0.998747723132969,0.9982876712328768,Y
M1126,366,365,0.9985200364298725,0.9982876712328768,Y
M1127,366,365,0.9982923497267759,0.9984018264840183,Y
M1128,366,365,0.998747723132969,0.9982876712328768,Y
M1129,366,365,0.9979508196721312,0.9984018264840183,Y
M1130,366,365,0.998747723132969,0.9982876712328768,Y
M1131,366,365,0.998747723132969,0.9982876712328768,Y
M1132,366,365,0.998747723132969,0.9982876712328768,Y
M1133,366,365,0.9989754098360656,0.9984018264840183,Y
M1134,366,365,0.998747723132969,0.9984018264840183,Y
M1135,366,365,0.998747723132969,0.9981735159817352,Y
M1136,366,363,0.9989754098360656,0.9962121212121212,N
M1137,366,365,0.9998861566484517,1.0,Y
M1138,366,338,0.9986338797814208,0.9959319526627219,N
M1139,366,365,0.9988615664845173,0.9979452054794521,Y
M1140,289,365,0.9976931949250288,0.9986301369863013,N
M1141,366,311,0.9985200364298725,0.994908896034298,N
M1142,366,365,0.9997723132969034,1.0,Y
M1143,363,365,0.9971303948576676,0.9984018264840183,N
M1144,366,358,0.9988615664845173,0.9969739292364991,N
M1145,366,365,0.9986338797814208,0.9984018264840183,Y
M1146,366,365,0.9982923497267759,0.9981735159817352,Y
M1147,366,365,0.9984061930783242,0.9981735159817352,Y
M1148,366,365,0.998747723132969,0.9982876712328768,Y
M1149,366,365,0.9984061930783242,0.9980593607305936,Y
M1150,366,365,0.998747723132969,0.9981735159817352,Y
M1151,366,365,0.9986338797814208,0.9981735159817352,Y
M1152,366,365,0.998747723132969,0.9984018264840183,Y
M1153,356,365,0.983497191011236,0.9968036529680365,N
M1154,366,365,1.0,1.0,Y
M1155,366,365,0.9986338797814208,0.9980593607305936,Y
M1156,366,365,0.9986338797814208,0.9978310502283105,Y
M1157,366,365,0.9985200364298725,0.9984018264840183,Y
M1158,360,361,0.9746527777777778,0.9617959372114496,N
M1159,366,365,0.9985200364298725,0.9984018264840183,Y
M1160,366,365,0.9988615664845173,0.9958904109589041,Y
M1161,366,365,0.9989754098360656,0.9987442922374429,Y
M1162,366,365,0.998747723132969,0.9985159817351598,Y
M1163,366,365,0.9988615664845173,0.9981735159817352,Y
M1164,366,363,0.9989754098360656,0.9973599632690542,N
M1165,343,365,0.9860301263362488,1.0,N
M1166,366,365,0.9985200364298725,0.9974885844748859,Y
M1167,366,365,0.9982923497267759,0.9979452054794521,Y
M1168,366,365,0.9985200364298725,0.9984018264840183,Y
M1169,366,325,0.9993169398907104,0.9935897435897436,N
M1170,366,364,0.9985200364298725,0.9948489010989011,N
M1171,366,365,0.9985200364298725,0.9980593607305936,Y
M1172,366,365,0.9985200364298725,0.9957762557077625,Y
M1173,366,365,0.998747723132969,0.9984018264840183,Y
M1174,366,365,0.9988615664845173,0.9992009132420091,Y
M1175,366,365,0.998747723132969,0.9982876712328768,Y
M1176,366,365,0.9989754098360656,0.9984018264840183,Y
M1177,366,352,0.9986338797814208,0.9971590909090909,N
M1178,366,324,0.998747723132969,0.9962705761316872,N
M1179,366,365,0.9986338797814208,0.9981735159817352,Y
M1180,366,365,0.998747723132969,0.9985159817351598,Y
M1181,366,365,0.9985200364298725,0.9961187214611872,Y
M1182,366,364,0.9986338797814208,0.9965659340659341,N
M1183,366,365,0.9960154826958105,0.9968036529680365,Y
M1184,78,345,0.9946581196581197,0.9943236714975845,N
M1185,358,365,0.9959264432029795,0.9987442922374429,N
M1186,366,365,1.0,0.9998858447488584,Y
M1187,287,365,0.9943379790940766,0.9958904109589041,N
M1188,188,365,0.9973404255319149,0.9982876712328768,N
M1189,366,365,0.9986338797814208,0.9982876712328768,Y
M1190,366,365,0.9986338797814208,0.9984018264840183,Y
M1191,366,365,0.9986338797814208,0.9984018264840183,Y
M1192,366,365,0.9985200364298725,0.9981735159817352,Y
M1193,366,365,0.9985200364298725,0.9984018264840183,Y
M1194,317,365,0.9980283911671924,1.0,N
M1195,238,365,0.9812675070028011,0.9984018264840183,N
M1196,41,362,0.907520325203252,0.9960865561694291,N
